<?xml version="1.0" encoding="UTF-8"?>
<fb3-body xmlns:l="http://www.w3.org/1999/xlink" id="29f8c76a-141c-102c-a3bc-9f4786c95f7d" xmlns="http://www.fictionbook.org/FictionBook3/body">
	<title>
		<p>В. В. Пасечник</p>
		<p>Биология</p>
		<subscription>
			<p>Бактерии грибы растения</p>
		</subscription>
	</title>
	<section id="section01">
		<title>
			<p>Как работать с учебником</p>
		</title>
		<p>Вы начинаете изучать, пользуясь этим учебником, биологию. Нужный раздел учебника вы найдете по оглавлению или по названию в верхней части страницы.</p>
		<p>Прочитайте название главы, вводный текст и информацию о том, что вы узнаете и чему научитесь. Это поможет вам понять, на какой материал нужно обратить особое внимание.</p>
		<p>Ответив на вопросы перед текстом параграфа, вы вспомните то, что узнали на предыдущих уроках. Это необходимо для понимания нового. Читая текст, выделяйте основные мысли. Для удобства текст разделен на параграфы, названия которых выделены жирным шрифтом.</p>
		<p>Внимательно рассмотрите и изучите иллюстрации, прочитайте подписи к ним - это поможет вам лучше понять содержание текста.</p>
		<p>Ответьте на вопросы <img src="quest.svg" width="1.3em"/> в конце параграфа.</p>
		<p>Лабораторные работы <img src="eye.svg" width="1.3em"/>, как правило, выполняют на уроке, пользуясь заданиями и вопросами из учебника.</p>
		<p>Прочитайте задания в конце параграфа и выполните их.</p>
		<p>Знаком <img src="circle.svg" width="1.3em"/> отмечены задания для самостоятельной работы, обязательные для всех,
		знаком <img src="square.svg" width="1.3em"/> отмечены усложненные задания.</p>
		<p>Термины и названия растений, которые нужно запомнить, напечатаны <em>курсивом</em>.</p>
		<p>В конце каждого параграфа отмечены знаком <img src="exclam.svg" width="1.3em"/> и выделены шрифтом новые для вас понятия.</p>
		<p>В рубрике, помеченной знаком <img src="book.svg" width="1.3em"/>, приведен дополнительный материал для углубленного изучения биологии.</p>
		<p>После вас учебником будут пользоваться другие учащиеся. Берегите его. Книгу перелистывайте аккуратно. Чтобы быстрее найти нужный текст, пользуйтесь специальными закладками.</p>
		<p>Желаем вам успехов!</p>
		<br clear="page"/>
		<p><img src="biopicture.png" width="100%"/></p>
	</section>
	<section id="section02">
		<title>
			<p>Введение.</p>
			<p>Биология – наука о живой природе.</p>
		</title>
		<p><strong>Что изучает биология.</strong> Вы приступаете к изучению
		<em>биологии</em> (от греческих слов «биос» – жизнь и «логос» – учение).</p>
		<p>Биология - наука о жизни, о живых организмах, обитающих на Земле <a l:href="#bioscience.svg">[рис. 1]</a>. Живые
			организмы на нашей планете очень разнообразны. Это - и человек, и животные,
			и растения, и грибы, и бактерии. Ученые насчитывают более 3,5 млн видов живых
			организмов. Они живут на суше, в воде, в воздухе. Область распространения жизни
			составляет особую оболочку Земли – <em>биосферу</em> (от греческих слов
			«биос» и «сфера» - шар) <a l:href="#biosfera.png">[рис. 2]</a>. Биосфера включает нижние слои атмосферы,
			гидросферу, почву, верхний слой литосферы.</p>
		<p>Биология изучает строение и жизнедеятельность живых организмов,
			их многообразие, законы исторического и индивидуального развития.</p>
		<div on-one-page="true">
			<p>
				<img id="bioscience.svg" src="bioscience.svg" width="60em" min-width="45em" alt="Разделы биологии: цитология, физиология, биохимия, генетика, эмбриология, экология и др."/>
			</p>
			<subscription><p>1. Биологические дисциплины</p></subscription>
		</div>
		<div on-one-page="true">
			<p>
				<img id="biosfera.png" src="biosfera.png" min-width="45em" alt="Биосфера под землей (литосфера), в воде (гидросфера), в воздухе (атмосфера) и на земле."/>
			</p>
			<subscription><p>2. Биосфера – область распространения жизни</p></subscription>
		</div>
		<p>Все живые организмы тесно
			связаны друг с другом и со средой обитания. Живые организмы влияют на
			окружающую среду, а их существование зависит от условий этой среды. Раздел
			биологии, изучающий отношения организмов между собой и с окружающей их средой,
			называют <em>экологией </em>(от греческих слов «ойкос» - дом, жилище, родина - и
			«логос»).</p>
		<p><strong>Значение биологии.</strong> Биология тесно связана
			со многими сторонами практической деятельности человека - сельским хозяйством,
			различными отраслями промышленности, медициной.</p>
		<p>Успешное развитие
			сельского хозяйства в настоящее время во многом зависит от биологов-селекционеров,
			занимающихся улучшением существующих и созданием новых сортов культурных
			растений и пород домашних животных.</p>
		<p>Благодаря достижениям биологической науки
			была создана и успешно развивается микробиологическая промышленность. Ее
			предприятия выпускают лекарства, витамины, высокоэффективные кормовые добавки
			для сельскохозяйственных животных, микробиологические средства защиты растений
			от вредителей и болезней, бактериальные удобрения, а также препараты для нужд
			пищевой, текстильной, химической и других отраслей промышленности и для научных
			целей.</p>
		<p>Знание законов биологии
			помогает лечить и предупреждать болезни человека.</p>
		<p>С каждым годом человек
			все шире использует природные ресурсы. Мощная техника, которой обладают люди,
			так быстро преобразует мир, что сейчас на Земле почти уже не осталось уголков с
			нетронутой природой.</p>
		<p>Чтобы сохранить
			нормальные условия для жизни человека и других животных, приходится
			восстанавливать разрушенную природную среду. Сделать это могут лишь люди,
			хорошо знающие законы природы. Знание биологии помогает решить проблему
			сохранения и улучшения условий жизни на нашей планете.</p>
		<p><strong>Что изучают в данном курсе биологии.</strong> В
			настоящее время большинство ученых считают, что весь мир живых организмов можно
			разделить на четыре царства: Бактерии, Грибы, Растения и Животные (см. первый
			форзац учебника).</p>
		<p>На уроках биологии вы
			изучите многообразие бактерий, грибов и растений, их строение, среду обитания,
			значение в природе и жизни человека.</p>
		<p>Самый большой раздел
		курса посвящен растениям. Вы познакомитесь с особенностями строения растений
		различных групп и развитием растительного мира на нашей планете.</p>
		<p>Изучив тему «Природные
			сообщества», вы сможете лучше понять сложные отношения растений между собой, с
			другими живыми организмами, а также с окружающей средой.</p>
		<p>Очень важно знать
			природные условия и растения местности, в которой вы живете. Эти знания вы
			приобретете не только на уроках, но и на экскурсиях, при проведении опытов и
			наблюдений.</p>
		<p>Сезонные периодические явления в жизни растений и животных изучает
			<em>фенология</em> (от греческих слов «файно» - являю и «логос»).</p>
		<p>Фенологические наблюдения следует вести круглый год. Они помогут вам лучше понять особенности развития природы и определить сроки проведения работ в саду, огороде, в поле.</p>
		<p>Биологические знания и умения пригодятся в вашей повседневной жизни. Они помогут понять и полюбить окружающую природу, умело использовать и приумножать ее богатства.</p>
		<div>
			<marker><img src="exclam.svg" width="1.3em"/></marker>
			<p>БИОЛОГИЯ. БИОСФЕРА. ЭКОЛОГИЯ. ФЕНОЛОГИЯ</p>
		</div>
		<div>
			<marker><img src="quest.svg" width="1.3em"/></marker>
			<ol>
				<li>Что изучает биология?</li>
				<li>Что называют биосферой?</li>
				<li>Какое значение имеет биология?</li>
				<li>Почему необходимо изучать биологию?</li>
				<li>Что изучает экология?</li>
			</ol>
		</div>
		<div>
			<marker><img src="circle.svg" width="1.3em"/></marker>
			<ol>
				<li>Определите, у каких растений листья остаются зелеными до заморозков.</li>
				<li>Понаблюдайте, как долго длится листопад у разных растений.</li>
				<li>Регулярно записывайте в тетрадь все изменения в жизни растений.</li>
				<li>Примите участие в посадках деревьев и кустарников.</li>
			</ol>
		</div>
		<div>
			<marker><img src="book.svg" width="1.3em"/></marker>
			<p>Верхняя граница распространения жизни определяется озоновым
				экраном – тонким слоем газа озона на высоте 15–20 км. Он задерживает
				губительные для живых организмов ультрафиолетовые лучи Солнца. В океанах живые
				организмы встречаются на дне впадин даже на глубине 10–11 км. В литосфере жизнь
				(бактерии) местами проникает на глубину до 3 и более километров.</p>
		</div>
	</section>
	<section id="section03">
		<title>
			<p>Клеточное строение организмов</p>
		</title>
		<annotation>
			<p>Мир живых организмов очень многообразен. Чтобы понять, как они живут,
			т. е. как растут, питаются, размножаются, необходимо изучить их строение.
			Ученые установили, что живые организмы состоят из клеток. Клетки имеют сходное строение и
			сходный химический состав. В состав клетки входят вода, минеральные и органические вещества.</p>
			<ul>
				<title><p>Из этой главы вы узнаете</p></title>
				<li>о строении клетки и протекающих в ней жизненно важных процессах;</li>
				<li>об основных видах тканей, из которых состоят органы;</li>
				<li>об устройстве лупы, микроскопа и правилах работы с ними.</li>
			</ul>
			<ul>
				<title><p>Вы научитесь</p></title>
				<li>готовить микропрепараты;</li>
				<li>пользоваться лупой и микроскопом;</li>
				<li>находить основные части растительной клетки на микропрепарате, в таблице;</li>
				<li>схематически изображать строение клетки.</li>
			</ul>
			<p><img src="cells.jpg"/></p>
		</annotation>
		<section id="section04">
			<title><p>§ 1. Устройство увеличительных приборов</p></title>
			<annotation>
				<ol>
					<li>Какие увеличительные приборы вы знаете?</li>
					<li>Для чего их применяют?</li>
				</ol>
			</annotation>
			<p>Разломите розовый, недозревший, плод
				томата (помидор), арбуза или яблоко с рыхлой мякотью. Мякоть плодов состоит
				из  мельчайших  крупинок. 
				Это  <em>клетки.  </em>Они 
				будут  лучше видны, если
				рассмотреть их с помощью увеличительных при боров – лупы или микроскопа.</p>
			<div on-one-page="true" float="default">
				<p>
					<img id="loopa.jpg" src="loopa.jpg" min-width="20em"/>
				</p>
				<subscription><p>3. Лупы ручная (1) и штативная (2)</p></subscription>
			</div>
			<p><strong>Устройство лупы. </strong><em>Лупа </em>– самый простой
				увеличительный прибор. Главная его часть – увеличительное стекло, выпуклое с
				двух сторон и вставленное в оправу. Лупы бывают ручные и штативные <a l:href="#loopa.jpg">[рис. 3]</a>.</p>
			<p><em>Ручная лупа </em>увеличивает предметы в 2–20
				раз. При работе ее берут за рукоятку и приближают к предмету на такое расстояние,
				при котором изображение предмета наиболее четко.</p>
			<p><em>Штативная лупа </em>увеличивает предметы в 10–25
				раз. В ее оправу вставлены два увеличительных стекла, укрепленные на подставке –
				штативе. К штативу прикреплен предметный столик с отверстием и зеркалом.</p>
			<div>
				<marker><img src="eye.svg" width="1.3em"/></marker>
				<ol>
					<title><p>Устройство лупы и рассматривание с ее помощью клеточного строения растений</p></title>
					<li>Рассмотрите ручную лупу. Какие части она имеет? Каково их назначение?</li>
					<li>Рассмотрите невооруженным глазом мякоть полуспелого плода томата, арбуза, яблока. Что характерно для их строения?</li>
					<li>Рассмотрите кусочки мякоти плодов под лупой. Зарисуйте увиденное в тетрадь, рисунки подпишите. Какую форму имеют клетки мякоти плодов?</li>
				</ol>
			</div>
			<div on-one-page="true" float="default">
				<p>
					<img id="mikroskop.jpg" src="mikroskop.jpg" min-width="20em"/>
				</p>
				<subscription><p>4. Световой микроскоп</p></subscription>
			</div>
			<p><strong>Устройство светового
				микроскопа </strong><a l:href="#mikroskop.jpg">[рис. 4]</a>. С
				помощью лупы можно рассмотреть форму клеток. Для изучения их строения
				пользуются <em>микроскопом </em>(от греческих слов «микрос» – малый и «скопео» –
				смотрю).</p>
			<p>Световой микроскоп, с
				которым вы работаете в школе, может увеличивать изображение предметов до 3600
				раз. В зрительную трубку, или <em>тубус, </em>этого микроскопа вставлены
				увеличительные стекла (линзы). В верхнем конце тубуса находится <em>окуляр </em>(от
				латинского слова «окулус» – глаз), через который рассматривают различные
				объекты. Он состоит из оправы и двух увеличительных стекол.</p>
			<p>На нижнем конце тубуса помещается <em>объектив
				</em>(от латинского слова «объектум» – предмет), состоящий из оправы и нескольких
				увеличительных стекол.</p>
			<p>Тубус прикреплен к штативу. К штативу
				прикреплен также предметный столик, в центре которого имеется отверстие и под
				ним зеркало. Пользуясь световым микроскопом, можно видеть изображение объекта,
				освещенного с помощью этого зеркала.</p>
			<p>Чтобы узнать, насколько увеличивается
				изображение при использовании микроскопа, надо умножить число, указанное на
				окуляре, на число, указанное на используемом объекте. Например, если окуляр
				дает 10-кратное увеличение, а объектив – 20-кратное, то общее увеличение 10x20
				= 200 раз.</p>
			<blockquote>
				<title><p>Правила работы с микроскопом</p></title>
				<p>Поставьте микроскоп штативом к себе на расстоянии 5–10 см от края стола. В отверстие предметного столика направьте зеркалом свет. Поместите приготовленный препарат на предметный столик и закрепите предметное стекло зажимами.</p>
				<p>Пользуясь винтом, плавно опустите тубус так, чтобы нижний край объектива оказался на расстоянии 1–2 мм от препарата. В окуляр смотрите одним глазом, не закрывая и не зажмуривая другой. Глядя в окуляр, при помощи винтов медленно поднимайте тубус, пока не появится четкое изображение предмета. После работы микроскоп уберите в футляр.</p>
				<p>Микроскоп – хрупкий и дорогой прибор: работать с ним надо аккуратно, строго следуя правилам.</p>
			</blockquote>
			<div>
				<marker><img src="eye.svg" width="1.3em"/></marker>
				<ol>
					<title><p>Устройство микроскопа и приемы работы с ним</p></title>
					<li>Изучите микроскоп. Найдите тубус, окуляр, объектив, штатив с предметным столиком, зеркало, винты. Выясните, какое значение имеет каждая часть. Определите, во сколько раз микроскоп увеличивает изображение объекта.</li>
					<li>Познакомьтесь с правилами пользования микроскопом.</li>
					<li>Отработайте последовательность действий при работе с микроскопом.</li>
				</ol>
			</div>
			<div>
				<marker><img src="exclam.svg" width="1.3em"/></marker>
				<p>КЛЕТКА. ЛУПА. МИКРОСКОП: ТУБУС, ОКУЛЯР, ОБЪЕКТИВ, ШТАТИВ</p>
			</div>
	
			<div>
				<marker><img src="quest.svg" width="1.3em"/></marker>
				<ol>
					<li>Какие увеличительные приборы вы знаете?</li>
					<li>Что представляет собой лупа и какое увеличение она дает?</li>
					<li>Как устроен микроскоп?</li>
					<li>Как узнать, какое увеличение дает микроскоп?</li>
				</ol>
			</div>
			<div>
				<marker><img src="circle.svg" width="1.3em"/></marker>
				<p>Выучите правила работы с микроскопом.</p>
			</div>
			<div>
				<marker><img src="book.svg" width="1.3em"/></marker>
				<p>Световые микроскопы с двумя линзами были изобретены в XVI в. В XVII в. голландец Антони ван Левенгук сконструировал более совершенный микроскоп, дающий увеличение до 270 раз, а в XX в. был изобретен электронный микроскоп, увеличивающий изображение в десятки и сотни тысяч раз.</p>
			</div>
		</section>
	</section>
	<notes>
		<title><p>sdf</p></title>
		<note id="note_1">
			<title>
				<p>1</p>
			</title>
			<p>Ну, что, князь, Генуа и Лукка стали не больше, как поместьями фамилии Бонапарте. Нет, я вас предупреждаю, если вы мне не скажете, что у нас война, если вы еще позволите себе защищать все гадости, все ужасы этого Антихриста (право, я верю, что он Антихрист)- я вас больше не знаю, вы уж не друг мой, вы уж не мой верный раб, как вы говорите.</p>
		</note>
		<note id="note_2">
			<title>
				<p>2</p>
			</title>
			<p>Я вижу, что я вас пугаю,</p>
		</note>
		<note id="note_3">
			<title>
				<p>3</p>
			</title>
			<p>Если y вас, граф (или князь), нет в виду ничего лучшего и если перспектива вечера у бедной больной не слишком вас пугает, то я буду очень рада видеть вас нынче у себя между семью и десятью часами. Анна Шерер.</p>
		</note>
		<note id="note_4">
			<title>
				<p>4</p>
			</title>
			<p>О! какое жестокое нападение!</p>
		</note>
		<note id="note_5">
			<title>
				<p>5</p>
			</title>
			<p>Прежде всего скажите, <sup>как </sup>
				<sub>ваше </sub>
				<strikethrough>здоровье</strikethrough>?</p>
		</note>
	</notes>
</fb3-body>
